id,nom_fichier,charge_le
1,horaires_theoriques_20260417_051002.csv,2026-04-17 05:10:02.636900
2,horaires_reels_20260417_051002.csv,2026-04-17 05:10:02.764642
3,horaires_theoriques_20260417_051501.csv,2026-04-17 05:15:02.376692
4,horaires_reels_20260417_051501.csv,2026-04-17 05:15:02.446278
5,horaires_theoriques_20260417_052002.csv,2026-04-17 05:20:03.159241
6,horaires_reels_20260417_052002.csv,2026-04-17 05:20:03.216599
7,horaires_theoriques_20260417_052502.csv,2026-04-17 05:25:02.745057
8,horaires_reels_20260417_052502.csv,2026-04-17 05:25:02.933994
9,horaires_theoriques_20260417_053002.csv,2026-04-17 05:30:03.080925
10,horaires_reels_20260417_053002.csv,2026-04-17 05:30:03.149245
11,horaires_theoriques_20260417_054002.csv,2026-04-17 05:40:02.880741
12,horaires_reels_20260417_054002.csv,2026-04-17 05:40:02.937943
13,horaires_theoriques_20260417_054501.csv,2026-04-17 05:45:02.533205
14,horaires_reels_20260417_054502.csv,2026-04-17 05:45:02.592078
15,horaires_theoriques_20260417_055003.csv,2026-04-17 05:50:03.849162
16,horaires_reels_20260417_055003.csv,2026-04-17 05:50:03.910518
17,horaires_theoriques_20260417_055502.csv,2026-04-17 05:55:02.946634
18,horaires_reels_20260417_055502.csv,2026-04-17 05:55:03.014223
19,horaires_theoriques_20260417_060003.csv,2026-04-17 06:00:03.745683
20,horaires_reels_20260417_060003.csv,2026-04-17 06:00:03.837524
21,horaires_theoriques_20260417_060502.csv,2026-04-17 06:05:02.696962
22,horaires_reels_20260417_060502.csv,2026-04-17 06:05:02.860894
23,horaires_theoriques_20260417_061002.csv,2026-04-17 06:10:03.311540
24,horaires_reels_20260417_061002.csv,2026-04-17 06:10:03.379266
