mission,type_mission,destination,Robinson,Fontenay-aux-Roses,Sceaux,Saint-Rémy-lès-Chevreuse,Courcelle sur Yvette,Gif-sur-Yvette,La Hacquinière,Bures-sur-Yvette,Orsay Ville,Le Guichet,Lozère,Palaiseau - Villebon,Palaiseau,Massy - Palaiseau,Massy - Verrières,Les Baconnets,Fontaine Michalon,Antony,La Croix de Berny,Parc de Sceaux,Bourg-la-Reine,Bagneux,Arcueil - Cachan,Laplace,Gentilly,Cité Universitaire,Denfert-Rochereau,Port Royal,Luxembourg,Saint-Michel Notre-Dame,Châtelet les Halles,Gare du Nord,La Plaine Stade de France,La Courneuve - Aubervilliers,Le Bourget,Drancy,Le Blanc-Mesnil,Aulnay-sous-Bois,Sevran Beaudottes,Villepinte,Parc des Expositions,Aéroport CDG 1 (Terminal 3) - RER,Aéroport Charles de Gaulle 2 (Terminal 2),Sevran - Livry,Vert Galant,Villeparisis - Mitry-le-Neuf,Mitry - Claye,gare_depart,nb_arrets_desservis,date_observation
EPAU57,EPAU,Aéroport Charles de Gaulle 2 (Terminal 2),,,,2026-04-15 13:36:55+02:00,2026-04-15 13:39:56+02:00,2026-04-15 13:43:03+02:00,2026-04-15 13:44:59+02:00,2026-04-15 13:46:41+02:00,2026-04-15 13:49:01+02:00,2026-04-15 13:51:25+02:00,2026-04-15 13:53:22+02:00,2026-04-15 13:55:46+02:00,2026-04-15 13:57:32+02:00,2026-04-15 13:59:44+02:00,,,,2026-04-15 14:04:59+02:00,2026-04-15 14:06:50+02:00,,2026-04-15 14:09:26+02:00,,,,,2026-04-15 14:15:12+02:00,2026-04-15 14:17:42+02:00,2026-04-15 14:19:59+02:00,2026-04-15 14:21:33+02:00,2026-04-15 14:23:39+02:00,2026-04-15 14:25:49+02:00,2026-04-15 14:30:00+02:00,2026-04-15 14:35:10+02:00,2026-04-15 14:37:40+02:00,2026-04-15 14:40:50+02:00,2026-04-15 14:43:30+02:00,2026-04-15 14:45:40+02:00,2026-04-15 14:48:10+02:00,2026-04-15 14:51:20+02:00,2026-04-15 14:53:50+02:00,2026-04-15 14:56:10+02:00,2026-04-15 15:01:50+02:00,,,,,,Saint-Rémy-lès-Chevreuse,31,2026-04-15 12:50:01.319901+02:00
PIST16,PIST,Saint-Rémy-lès-Chevreuse,,,,,2026-04-15 13:27:26+02:00,2026-04-15 13:24:13+02:00,2026-04-15 13:22:20+02:00,2026-04-15 13:20:28+02:00,2026-04-15 13:18:11+02:00,2026-04-15 13:15:53+02:00,2026-04-15 13:13:32+02:00,2026-04-15 13:10:39+02:00,2026-04-15 13:08:34+02:00,2026-04-15 13:05:42+02:00,,,,2026-04-15 13:00:42+02:00,2026-04-15 12:59:02+02:00,,2026-04-15 12:56:02+02:00,,,,,2026-04-15 12:50:32+02:00,,,,,,,,,,,,,,,,,,,,,,Cité Universitaire,14,2026-04-15 12:50:01.319901+02:00
PIST04,PIST,Saint-Rémy-lès-Chevreuse,,,,,2026-04-15 12:53:25+02:00,2026-04-15 12:50:12+02:00,,,,,,,,,,,,,,,,,,,,,,,,,,,,,,,,,,,,,,,,,,Gif-sur-Yvette,2,2026-04-15 12:50:01.319901+02:00
KALI12,KALI,Massy-Palaiseau,,,,,,,,,,,,,,,2026-04-15 13:00:28+02:00,2026-04-15 12:58:44+02:00,2026-04-15 12:57:20+02:00,2026-04-15 12:55:15+02:00,2026-04-15 12:53:35+02:00,2026-04-15 12:51:56+02:00,2026-04-15 12:49:59+02:00,,,,,,,,,,,,,,,,,,,,,,,,,,,Bourg-la-Reine,7,2026-04-15 12:50:01.319901+02:00
EPAU09,EPAU,Aéroport Charles de Gaulle 2 (Terminal 2),,,,,,,,,,,,,,,,,,,,,,,,,,,,,,,,,,,,,,,2026-04-15 12:51:20+02:00,2026-04-15 12:53:50+02:00,2026-04-15 12:56:10+02:00,2026-04-15 13:01:50+02:00,,,,,,Sevran Beaudottes,4,2026-04-15 12:50:01.319901+02:00
SOSO56,SOSO,Robinson,,2026-04-15 14:41:26+02:00,2026-04-15 14:39:46+02:00,,,,,,,,,,,,,,,,,,2026-04-15 14:37:44+02:00,2026-04-15 14:35:11+02:00,2026-04-15 14:33:33+02:00,2026-04-15 14:31:35+02:00,2026-04-15 14:29:49+02:00,2026-04-15 14:28:02+02:00,2026-04-15 14:25:14+02:00,2026-04-15 14:23:26+02:00,2026-04-15 14:21:51+02:00,2026-04-15 14:19:29+02:00,2026-04-15 14:17:07+02:00,2026-04-15 14:14:00+02:00,2026-04-15 14:08:20+02:00,2026-04-15 14:05:30+02:00,2026-04-15 14:02:00+02:00,2026-04-15 13:59:10+02:00,2026-04-15 13:57:00+02:00,2026-04-15 13:54:50+02:00,,,,,,2026-04-15 13:51:10+02:00,2026-04-15 13:48:00+02:00,2026-04-15 13:44:50+02:00,2026-04-15 13:41:00+02:00,Mitry - Claye,24,2026-04-15 12:50:01.319901+02:00
ILUS17,ILUS,Mitry - Claye,,,,,,,,,,,,,,,,,,,,,,,,,,,,,,,,2026-04-15 12:52:19+02:00,2026-04-15 12:57:29+02:00,2026-04-15 12:59:59+02:00,2026-04-15 13:03:09+02:00,2026-04-15 13:05:49+02:00,2026-04-15 13:07:59+02:00,2026-04-15 13:10:39+02:00,,,,,,2026-04-15 13:13:59+02:00,2026-04-15 13:16:49+02:00,2026-04-15 13:19:59+02:00,,Gare du Nord,10,2026-04-15 12:50:01.319901+02:00
ERIO07,ERIO,Aéroport Charles de Gaulle 2 (Terminal 2),,,,,,,,,,,,,,,,,,,,,,,,,,,,,,,,,,,,,,,,,,2026-04-15 12:54:30+02:00,,,,,,Aéroport CDG 1 (Terminal 3) - RER,1,2026-04-15 12:50:01.319901+02:00
EPAU15,EPAU,Aéroport Charles de Gaulle 2 (Terminal 2),,,,,,,,,,,,,,,,,,,,,,,,,,,,,,,,,2026-04-15 12:51:57+02:00,2026-04-15 12:54:27+02:00,2026-04-15 12:57:37+02:00,2026-04-15 13:00:17+02:00,2026-04-15 13:02:27+02:00,2026-04-15 13:04:57+02:00,2026-04-15 13:08:07+02:00,2026-04-15 13:10:37+02:00,2026-04-15 13:12:57+02:00,2026-04-15 13:18:37+02:00,,,,,,La Plaine Stade de France,10,2026-04-15 12:50:01.319901+02:00
ERIO31,ERIO,Aéroport Charles de Gaulle 2 (Terminal 2),,,,,,,,,,,,,,,2026-04-15 12:50:53+02:00,2026-04-15 12:52:41+02:00,2026-04-15 12:54:06+02:00,2026-04-15 12:56:02+02:00,2026-04-15 12:57:53+02:00,2026-04-15 12:59:41+02:00,2026-04-15 13:01:30+02:00,2026-04-15 13:04:19+02:00,2026-04-15 13:05:59+02:00,2026-04-15 13:08:02+02:00,2026-04-15 13:09:49+02:00,2026-04-15 13:11:25+02:00,2026-04-15 13:13:55+02:00,2026-04-15 13:16:12+02:00,2026-04-15 13:17:46+02:00,2026-04-15 13:19:52+02:00,2026-04-15 13:22:02+02:00,2026-04-15 13:27:00+02:00,,,,,,2026-04-15 13:42:10+02:00,,,,2026-04-15 13:54:30+02:00,,,,,,Massy - Verrières,20,2026-04-15 12:50:01.319901+02:00
SOSO14,SOSO,Robinson,,2026-04-15 12:56:46+02:00,2026-04-15 12:55:06+02:00,,,,,,,,,,,,,,,,,,2026-04-15 12:53:04+02:00,2026-04-15 12:50:31+02:00,2026-04-15 12:48:53+02:00,,,,,,,,,,,,,,,,,,,,,,,,,Arcueil - Cachan,5,2026-04-15 12:50:01.319901+02:00
KALI48,KALI,Massy-Palaiseau,,,,,,,,,,,,,,,2026-04-15 14:27:13+02:00,2026-04-15 14:25:29+02:00,2026-04-15 14:24:05+02:00,2026-04-15 14:22:00+02:00,2026-04-15 14:20:20+02:00,2026-04-15 14:18:41+02:00,2026-04-15 14:16:44+02:00,2026-04-15 14:14:21+02:00,2026-04-15 14:12:43+02:00,2026-04-15 14:10:45+02:00,2026-04-15 14:08:59+02:00,2026-04-15 14:07:02+02:00,2026-04-15 14:04:14+02:00,2026-04-15 14:02:26+02:00,2026-04-15 14:00:51+02:00,2026-04-15 13:58:29+02:00,2026-04-15 13:56:07+02:00,2026-04-15 13:53:00+02:00,,,,,,2026-04-15 13:36:50+02:00,,,,2026-04-15 13:24:20+02:00,2026-04-15 13:21:30+02:00,,,,,Aéroport Charles de Gaulle 2 (Terminal 2),21,2026-04-15 12:50:01.319901+02:00
ILUS23,ILUS,Mitry - Claye,,,,,,,,,,,,,,,,,,,,,,,,,2026-04-15 12:49:03+02:00,2026-04-15 12:50:39+02:00,2026-04-15 12:53:09+02:00,2026-04-15 12:55:26+02:00,2026-04-15 12:57:00+02:00,2026-04-15 12:59:06+02:00,2026-04-15 13:01:16+02:00,2026-04-15 13:06:00+02:00,2026-04-15 13:11:10+02:00,2026-04-15 13:13:40+02:00,2026-04-15 13:16:50+02:00,2026-04-15 13:19:30+02:00,2026-04-15 13:21:40+02:00,2026-04-15 13:24:20+02:00,,,,,,2026-04-15 13:27:40+02:00,2026-04-15 13:30:30+02:00,2026-04-15 13:33:40+02:00,,Gentilly,17,2026-04-15 12:50:01.319901+02:00
ILUS35,ILUS,Mitry - Claye,2026-04-15 13:05:33+02:00,2026-04-15 13:07:54+02:00,2026-04-15 13:09:33+02:00,,,,,,,,,,,,,,,,,,2026-04-15 13:11:26+02:00,2026-04-15 13:14:06+02:00,2026-04-15 13:15:46+02:00,2026-04-15 13:17:49+02:00,2026-04-15 13:19:36+02:00,2026-04-15 13:21:12+02:00,2026-04-15 13:23:42+02:00,2026-04-15 13:25:59+02:00,2026-04-15 13:27:33+02:00,2026-04-15 13:29:39+02:00,2026-04-15 13:31:49+02:00,2026-04-15 13:36:00+02:00,2026-04-15 13:41:10+02:00,2026-04-15 13:43:40+02:00,2026-04-15 13:46:50+02:00,2026-04-15 13:49:30+02:00,2026-04-15 13:51:40+02:00,2026-04-15 13:54:20+02:00,,,,,,2026-04-15 13:57:40+02:00,2026-04-15 14:00:30+02:00,2026-04-15 14:03:40+02:00,,Robinson,24,2026-04-15 12:50:01.319901+02:00
ERIO43,ERIO,Aéroport Charles de Gaulle 2 (Terminal 2),,,,,,,,,,,,,,2026-04-15 13:19:35+02:00,2026-04-15 13:21:40+02:00,2026-04-15 13:23:28+02:00,2026-04-15 13:24:53+02:00,2026-04-15 13:26:49+02:00,2026-04-15 13:28:40+02:00,2026-04-15 13:30:28+02:00,2026-04-15 13:32:17+02:00,2026-04-15 13:35:06+02:00,2026-04-15 13:36:46+02:00,2026-04-15 13:38:49+02:00,2026-04-15 13:40:36+02:00,2026-04-15 13:42:12+02:00,2026-04-15 13:44:42+02:00,2026-04-15 13:46:59+02:00,2026-04-15 13:48:33+02:00,2026-04-15 13:50:39+02:00,2026-04-15 13:52:49+02:00,2026-04-15 13:57:00+02:00,,,,,,2026-04-15 14:12:10+02:00,,,,2026-04-15 14:24:30+02:00,,,,,,Massy - Palaiseau,21,2026-04-15 12:50:01.319901+02:00
ERIO49,ERIO,Aéroport Charles de Gaulle 2 (Terminal 2),,,,,,,,,,,,,,2026-04-15 13:34:35+02:00,2026-04-15 13:36:40+02:00,2026-04-15 13:38:28+02:00,2026-04-15 13:39:53+02:00,2026-04-15 13:41:49+02:00,2026-04-15 13:43:40+02:00,2026-04-15 13:45:28+02:00,2026-04-15 13:47:17+02:00,2026-04-15 13:50:06+02:00,2026-04-15 13:51:46+02:00,2026-04-15 13:53:49+02:00,2026-04-15 13:55:36+02:00,2026-04-15 13:57:12+02:00,2026-04-15 13:59:42+02:00,2026-04-15 14:01:59+02:00,2026-04-15 14:03:33+02:00,2026-04-15 14:05:39+02:00,2026-04-15 14:07:49+02:00,2026-04-15 14:12:00+02:00,,,,,,2026-04-15 14:27:10+02:00,,,,2026-04-15 14:39:30+02:00,,,,,,Massy - Palaiseau,21,2026-04-15 12:50:01.319901+02:00
ERIO13,ERIO,Aéroport Charles de Gaulle 2 (Terminal 2),,,,,,,,,,,,,,,,,,,,,,,,,,,,,,,,,,,,,,2026-04-15 12:58:49+02:00,,,,2026-04-15 13:11:09+02:00,,,,,,Aulnay-sous-Bois,2,2026-04-15 12:50:01.319901+02:00
ERIO25,ERIO,Aéroport Charles de Gaulle 2 (Terminal 2),,,,,,,,,,,,,,,,,,,,,,2026-04-15 12:50:06+02:00,2026-04-15 12:51:46+02:00,2026-04-15 12:53:49+02:00,2026-04-15 12:55:36+02:00,2026-04-15 12:57:12+02:00,2026-04-15 12:59:42+02:00,2026-04-15 13:01:59+02:00,2026-04-15 13:03:33+02:00,2026-04-15 13:05:39+02:00,2026-04-15 13:07:49+02:00,2026-04-15 13:12:00+02:00,,,,,,2026-04-15 13:27:10+02:00,,,,2026-04-15 13:39:30+02:00,,,,,,Bagneux,13,2026-04-15 12:50:01.319901+02:00
ILUS29,ILUS,Mitry - Claye,2026-04-15 12:50:33+02:00,2026-04-15 12:52:54+02:00,2026-04-15 12:54:33+02:00,,,,,,,,,,,,,,,,,,2026-04-15 12:56:26+02:00,2026-04-15 12:59:06+02:00,2026-04-15 13:00:46+02:00,2026-04-15 13:02:49+02:00,2026-04-15 13:04:36+02:00,2026-04-15 13:06:12+02:00,2026-04-15 13:08:42+02:00,2026-04-15 13:10:59+02:00,2026-04-15 13:12:33+02:00,2026-04-15 13:14:39+02:00,2026-04-15 13:16:49+02:00,2026-04-15 13:21:00+02:00,2026-04-15 13:26:10+02:00,2026-04-15 13:28:40+02:00,2026-04-15 13:31:50+02:00,2026-04-15 13:34:30+02:00,2026-04-15 13:36:40+02:00,2026-04-15 13:39:20+02:00,,,,,,2026-04-15 13:42:40+02:00,2026-04-15 13:45:30+02:00,2026-04-15 13:48:40+02:00,,Robinson,24,2026-04-15 12:50:01.319901+02:00
ILUS41,ILUS,Mitry - Claye,2026-04-15 13:20:33+02:00,2026-04-15 13:22:54+02:00,2026-04-15 13:24:33+02:00,,,,,,,,,,,,,,,,,,2026-04-15 13:26:26+02:00,2026-04-15 13:29:06+02:00,2026-04-15 13:30:46+02:00,2026-04-15 13:32:49+02:00,2026-04-15 13:34:36+02:00,2026-04-15 13:36:12+02:00,2026-04-15 13:38:42+02:00,2026-04-15 13:40:59+02:00,2026-04-15 13:42:33+02:00,2026-04-15 13:44:39+02:00,2026-04-15 13:46:49+02:00,2026-04-15 13:51:00+02:00,2026-04-15 13:56:10+02:00,2026-04-15 13:58:40+02:00,2026-04-15 14:01:50+02:00,2026-04-15 14:04:30+02:00,2026-04-15 14:06:40+02:00,2026-04-15 14:09:20+02:00,,,,,,2026-04-15 14:12:40+02:00,2026-04-15 14:15:30+02:00,2026-04-15 14:18:40+02:00,,Robinson,24,2026-04-15 12:50:01.319901+02:00
SOSO38,SOSO,Robinson,,2026-04-15 13:56:26+02:00,2026-04-15 13:54:46+02:00,,,,,,,,,,,,,,,,,,2026-04-15 13:52:44+02:00,2026-04-15 13:50:11+02:00,2026-04-15 13:48:33+02:00,2026-04-15 13:46:35+02:00,2026-04-15 13:44:49+02:00,2026-04-15 13:43:02+02:00,2026-04-15 13:40:14+02:00,2026-04-15 13:38:26+02:00,2026-04-15 13:36:51+02:00,2026-04-15 13:34:29+02:00,2026-04-15 13:32:07+02:00,2026-04-15 13:29:00+02:00,2026-04-15 13:23:20+02:00,2026-04-15 13:20:30+02:00,2026-04-15 13:17:00+02:00,2026-04-15 13:14:10+02:00,2026-04-15 13:12:00+02:00,2026-04-15 13:09:50+02:00,,,,,,2026-04-15 13:06:10+02:00,2026-04-15 13:03:00+02:00,2026-04-15 12:59:50+02:00,2026-04-15 12:56:00+02:00,Mitry - Claye,24,2026-04-15 12:50:01.319901+02:00
ERIO37,ERIO,Aéroport Charles de Gaulle 2 (Terminal 2),,,,,,,,,,,,,,2026-04-15 13:04:35+02:00,2026-04-15 13:06:40+02:00,2026-04-15 13:08:28+02:00,2026-04-15 13:09:53+02:00,2026-04-15 13:11:49+02:00,2026-04-15 13:13:40+02:00,2026-04-15 13:15:28+02:00,2026-04-15 13:17:17+02:00,2026-04-15 13:20:06+02:00,2026-04-15 13:21:46+02:00,2026-04-15 13:23:49+02:00,2026-04-15 13:25:36+02:00,2026-04-15 13:27:12+02:00,2026-04-15 13:29:42+02:00,2026-04-15 13:31:59+02:00,2026-04-15 13:33:33+02:00,2026-04-15 13:35:39+02:00,2026-04-15 13:37:49+02:00,2026-04-15 13:42:00+02:00,,,,,,2026-04-15 13:57:10+02:00,,,,2026-04-15 14:09:30+02:00,,,,,,Massy - Palaiseau,21,2026-04-15 12:50:01.319901+02:00
KALI54,KALI,Massy-Palaiseau,,,,,,,,,,,,,,,2026-04-15 14:42:13+02:00,2026-04-15 14:40:29+02:00,2026-04-15 14:39:05+02:00,2026-04-15 14:37:00+02:00,2026-04-15 14:35:20+02:00,2026-04-15 14:33:41+02:00,2026-04-15 14:31:44+02:00,2026-04-15 14:29:21+02:00,2026-04-15 14:27:43+02:00,2026-04-15 14:25:45+02:00,2026-04-15 14:23:59+02:00,2026-04-15 14:22:02+02:00,2026-04-15 14:19:14+02:00,2026-04-15 14:17:26+02:00,2026-04-15 14:15:51+02:00,2026-04-15 14:13:29+02:00,2026-04-15 14:11:07+02:00,2026-04-15 14:08:00+02:00,,,,,,2026-04-15 13:51:50+02:00,,,,2026-04-15 13:39:20+02:00,2026-04-15 13:36:30+02:00,,,,,Aéroport Charles de Gaulle 2 (Terminal 2),21,2026-04-15 12:50:01.319901+02:00
PIST52,PIST,Saint-Rémy-lès-Chevreuse,,,,,2026-04-15 14:55:56+02:00,2026-04-15 14:52:43+02:00,2026-04-15 14:50:50+02:00,2026-04-15 14:48:58+02:00,2026-04-15 14:46:41+02:00,2026-04-15 14:44:23+02:00,2026-04-15 14:42:02+02:00,2026-04-15 14:39:09+02:00,2026-04-15 14:37:04+02:00,2026-04-15 14:34:12+02:00,,,,2026-04-15 14:29:12+02:00,2026-04-15 14:27:32+02:00,,2026-04-15 14:24:32+02:00,,,,,2026-04-15 14:19:02+02:00,2026-04-15 14:16:14+02:00,2026-04-15 14:14:26+02:00,2026-04-15 14:12:51+02:00,2026-04-15 14:10:29+02:00,2026-04-15 14:08:07+02:00,2026-04-15 14:05:00+02:00,2026-04-15 13:59:20+02:00,2026-04-15 13:56:30+02:00,2026-04-15 13:53:00+02:00,2026-04-15 13:50:10+02:00,2026-04-15 13:48:00+02:00,2026-04-15 13:45:50+02:00,2026-04-15 13:42:10+02:00,2026-04-15 13:39:20+02:00,2026-04-15 13:37:20+02:00,2026-04-15 13:32:10+02:00,2026-04-15 13:29:20+02:00,,,,,Aéroport Charles de Gaulle 2 (Terminal 2),31,2026-04-15 12:50:01.319901+02:00
KALI42,KALI,Massy-Palaiseau,,,,,,,,,,,,,,,2026-04-15 14:12:13+02:00,2026-04-15 14:10:29+02:00,2026-04-15 14:09:05+02:00,2026-04-15 14:07:00+02:00,2026-04-15 14:05:20+02:00,2026-04-15 14:03:41+02:00,2026-04-15 14:01:44+02:00,2026-04-15 13:59:21+02:00,2026-04-15 13:57:43+02:00,2026-04-15 13:55:45+02:00,2026-04-15 13:53:59+02:00,2026-04-15 13:52:02+02:00,2026-04-15 13:49:14+02:00,2026-04-15 13:47:26+02:00,2026-04-15 13:45:51+02:00,2026-04-15 13:43:29+02:00,2026-04-15 13:41:07+02:00,2026-04-15 13:38:00+02:00,,,,,,2026-04-15 13:21:50+02:00,,,,2026-04-15 13:09:20+02:00,2026-04-15 13:06:30+02:00,,,,,Aéroport Charles de Gaulle 2 (Terminal 2),21,2026-04-15 12:50:01.319901+02:00
ILUS47,ILUS,Mitry - Claye,2026-04-15 13:35:33+02:00,2026-04-15 13:37:54+02:00,2026-04-15 13:39:33+02:00,,,,,,,,,,,,,,,,,,2026-04-15 13:41:26+02:00,2026-04-15 13:44:06+02:00,2026-04-15 13:45:46+02:00,2026-04-15 13:47:49+02:00,2026-04-15 13:49:36+02:00,2026-04-15 13:51:12+02:00,2026-04-15 13:53:42+02:00,2026-04-15 13:55:59+02:00,2026-04-15 13:57:33+02:00,2026-04-15 13:59:39+02:00,2026-04-15 14:01:49+02:00,2026-04-15 14:06:00+02:00,2026-04-15 14:11:10+02:00,2026-04-15 14:13:40+02:00,2026-04-15 14:16:50+02:00,2026-04-15 14:19:30+02:00,2026-04-15 14:21:40+02:00,2026-04-15 14:24:20+02:00,,,,,,2026-04-15 14:27:40+02:00,2026-04-15 14:30:30+02:00,2026-04-15 14:33:40+02:00,,Robinson,24,2026-04-15 12:50:01.319901+02:00
SOSO20,SOSO,Robinson,,2026-04-15 13:11:43+02:00,2026-04-15 13:10:03+02:00,,,,,,,,,,,,,,,,,,2026-04-15 13:08:01+02:00,2026-04-15 13:05:28+02:00,2026-04-15 13:03:50+02:00,2026-04-15 13:01:52+02:00,2026-04-15 13:00:06+02:00,2026-04-15 12:58:19+02:00,2026-04-15 12:55:31+02:00,2026-04-15 12:53:43+02:00,2026-04-15 12:52:08+02:00,2026-04-15 12:49:46+02:00,,,,,,,,,,,,,,,,,,Saint-Michel Notre-Dame,12,2026-04-15 12:50:01.319901+02:00
PIST46,PIST,Saint-Rémy-lès-Chevreuse,,,,,2026-04-15 14:40:56+02:00,2026-04-15 14:37:43+02:00,2026-04-15 14:35:50+02:00,2026-04-15 14:33:58+02:00,2026-04-15 14:31:41+02:00,2026-04-15 14:29:23+02:00,2026-04-15 14:27:02+02:00,2026-04-15 14:24:09+02:00,2026-04-15 14:22:04+02:00,2026-04-15 14:19:12+02:00,,,,2026-04-15 14:14:12+02:00,2026-04-15 14:12:32+02:00,,2026-04-15 14:09:32+02:00,,,,,2026-04-15 14:04:02+02:00,2026-04-15 14:01:14+02:00,2026-04-15 13:59:26+02:00,2026-04-15 13:57:51+02:00,2026-04-15 13:55:29+02:00,2026-04-15 13:53:07+02:00,2026-04-15 13:50:00+02:00,2026-04-15 13:44:20+02:00,2026-04-15 13:41:30+02:00,2026-04-15 13:38:00+02:00,2026-04-15 13:35:10+02:00,2026-04-15 13:33:00+02:00,2026-04-15 13:30:50+02:00,2026-04-15 13:27:10+02:00,2026-04-15 13:24:20+02:00,2026-04-15 13:22:20+02:00,2026-04-15 13:17:10+02:00,2026-04-15 13:14:20+02:00,,,,,Aéroport Charles de Gaulle 2 (Terminal 2),31,2026-04-15 12:50:01.319901+02:00
ILUS11,ILUS,Mitry - Claye,,,,,,,,,,,,,,,,,,,,,,,,,,,,,,,,,,,,,2026-04-15 12:52:10+02:00,2026-04-15 12:54:50+02:00,,,,,,2026-04-15 12:58:10+02:00,2026-04-15 13:01:00+02:00,2026-04-15 13:04:10+02:00,,Le Blanc-Mesnil,5,2026-04-15 12:50:01.319901+02:00
EPAU39,EPAU,Aéroport Charles de Gaulle 2 (Terminal 2),,,,2026-04-15 12:51:55+02:00,2026-04-15 12:54:56+02:00,2026-04-15 12:58:03+02:00,2026-04-15 12:59:59+02:00,2026-04-15 13:01:41+02:00,2026-04-15 13:04:01+02:00,2026-04-15 13:06:25+02:00,2026-04-15 13:08:22+02:00,2026-04-15 13:10:46+02:00,2026-04-15 13:12:32+02:00,2026-04-15 13:14:44+02:00,,,,2026-04-15 13:19:59+02:00,2026-04-15 13:21:50+02:00,,2026-04-15 13:24:26+02:00,,,,,2026-04-15 13:30:12+02:00,2026-04-15 13:32:42+02:00,2026-04-15 13:34:59+02:00,2026-04-15 13:36:33+02:00,2026-04-15 13:38:39+02:00,2026-04-15 13:40:49+02:00,2026-04-15 13:45:00+02:00,2026-04-15 13:50:10+02:00,2026-04-15 13:52:40+02:00,2026-04-15 13:55:50+02:00,2026-04-15 13:58:30+02:00,2026-04-15 14:00:40+02:00,2026-04-15 14:03:10+02:00,2026-04-15 14:06:20+02:00,2026-04-15 14:08:50+02:00,2026-04-15 14:11:10+02:00,2026-04-15 14:16:50+02:00,,,,,,Saint-Rémy-lès-Chevreuse,31,2026-04-15 12:50:01.319901+02:00
PIST22,PIST,Saint-Rémy-lès-Chevreuse,,,,,2026-04-15 13:41:04+02:00,2026-04-15 13:37:51+02:00,2026-04-15 13:35:58+02:00,2026-04-15 13:34:06+02:00,2026-04-15 13:31:49+02:00,2026-04-15 13:29:31+02:00,2026-04-15 13:27:10+02:00,2026-04-15 13:24:17+02:00,2026-04-15 13:22:12+02:00,2026-04-15 13:19:20+02:00,,,,2026-04-15 13:14:20+02:00,2026-04-15 13:12:40+02:00,,2026-04-15 13:09:40+02:00,,,,,2026-04-15 13:04:10+02:00,2026-04-15 13:01:22+02:00,2026-04-15 12:59:34+02:00,2026-04-15 12:57:59+02:00,2026-04-15 12:55:37+02:00,2026-04-15 12:52:35+02:00,,,,,,,,,,,,,,,,,Châtelet les Halles,19,2026-04-15 12:50:01.319901+02:00
PIST34,PIST,Saint-Rémy-lès-Chevreuse,,,,,2026-04-15 14:10:56+02:00,2026-04-15 14:07:43+02:00,2026-04-15 14:05:50+02:00,2026-04-15 14:03:58+02:00,2026-04-15 14:01:41+02:00,2026-04-15 13:59:23+02:00,2026-04-15 13:57:02+02:00,2026-04-15 13:54:09+02:00,2026-04-15 13:52:04+02:00,2026-04-15 13:49:12+02:00,,,,2026-04-15 13:44:12+02:00,2026-04-15 13:42:32+02:00,,2026-04-15 13:39:32+02:00,,,,,2026-04-15 13:34:02+02:00,2026-04-15 13:31:14+02:00,2026-04-15 13:29:26+02:00,2026-04-15 13:27:51+02:00,2026-04-15 13:25:29+02:00,2026-04-15 13:22:37+02:00,2026-04-15 13:20:00+02:00,2026-04-15 13:14:20+02:00,2026-04-15 13:11:30+02:00,2026-04-15 13:08:00+02:00,2026-04-15 13:05:10+02:00,2026-04-15 13:03:00+02:00,2026-04-15 13:00:50+02:00,2026-04-15 12:57:10+02:00,2026-04-15 12:54:20+02:00,2026-04-15 12:52:20+02:00,,,,,,,Parc des Expositions,29,2026-04-15 12:50:01.319901+02:00
PIST28,PIST,Saint-Rémy-lès-Chevreuse,,,,,2026-04-15 13:55:56+02:00,2026-04-15 13:52:43+02:00,2026-04-15 13:50:50+02:00,2026-04-15 13:48:58+02:00,2026-04-15 13:46:41+02:00,2026-04-15 13:44:23+02:00,2026-04-15 13:42:02+02:00,2026-04-15 13:39:09+02:00,2026-04-15 13:37:04+02:00,2026-04-15 13:34:12+02:00,,,,2026-04-15 13:29:12+02:00,2026-04-15 13:27:32+02:00,,2026-04-15 13:24:32+02:00,,,,,2026-04-15 13:19:02+02:00,2026-04-15 13:16:14+02:00,2026-04-15 13:14:26+02:00,2026-04-15 13:12:51+02:00,2026-04-15 13:10:29+02:00,2026-04-15 13:08:07+02:00,2026-04-15 13:05:16+02:00,2026-04-15 12:59:36+02:00,2026-04-15 12:56:46+02:00,2026-04-15 12:53:16+02:00,,,,,,,,,,,,,Le Bourget,23,2026-04-15 12:50:01.319901+02:00
SOSO26,SOSO,Robinson,,2026-04-15 13:26:40+02:00,2026-04-15 13:25:00+02:00,,,,,,,,,,,,,,,,,,2026-04-15 13:22:58+02:00,2026-04-15 13:20:25+02:00,2026-04-15 13:18:47+02:00,2026-04-15 13:16:49+02:00,2026-04-15 13:15:03+02:00,2026-04-15 13:13:16+02:00,2026-04-15 13:10:28+02:00,2026-04-15 13:08:40+02:00,2026-04-15 13:07:05+02:00,2026-04-15 13:04:43+02:00,2026-04-15 13:01:01+02:00,2026-04-15 12:59:00+02:00,2026-04-15 12:53:20+02:00,2026-04-15 12:50:44+02:00,,,,,,,,,,,,,,La Courneuve - Aubervilliers,16,2026-04-15 12:50:01.319901+02:00
EPAU45,EPAU,Aéroport Charles de Gaulle 2 (Terminal 2),,,,2026-04-15 13:06:55+02:00,2026-04-15 13:09:56+02:00,2026-04-15 13:13:03+02:00,2026-04-15 13:14:59+02:00,2026-04-15 13:16:41+02:00,2026-04-15 13:19:01+02:00,2026-04-15 13:21:25+02:00,2026-04-15 13:23:22+02:00,2026-04-15 13:25:46+02:00,2026-04-15 13:27:32+02:00,2026-04-15 13:29:44+02:00,,,,2026-04-15 13:34:59+02:00,2026-04-15 13:36:50+02:00,,2026-04-15 13:39:26+02:00,,,,,2026-04-15 13:45:12+02:00,2026-04-15 13:47:42+02:00,2026-04-15 13:49:59+02:00,2026-04-15 13:51:33+02:00,2026-04-15 13:53:39+02:00,2026-04-15 13:55:49+02:00,2026-04-15 14:00:00+02:00,2026-04-15 14:05:10+02:00,2026-04-15 14:07:40+02:00,2026-04-15 14:10:50+02:00,2026-04-15 14:13:30+02:00,2026-04-15 14:15:40+02:00,2026-04-15 14:18:10+02:00,2026-04-15 14:21:20+02:00,2026-04-15 14:23:50+02:00,2026-04-15 14:26:10+02:00,2026-04-15 14:31:50+02:00,,,,,,Saint-Rémy-lès-Chevreuse,31,2026-04-15 12:50:01.319901+02:00
PIST58,PIST,Saint-Rémy-lès-Chevreuse,,,,,2026-04-15 15:10:56+02:00,2026-04-15 15:07:43+02:00,2026-04-15 15:05:50+02:00,2026-04-15 15:03:58+02:00,2026-04-15 15:01:41+02:00,2026-04-15 14:59:23+02:00,2026-04-15 14:57:02+02:00,2026-04-15 14:54:09+02:00,2026-04-15 14:52:04+02:00,2026-04-15 14:49:12+02:00,,,,2026-04-15 14:44:12+02:00,2026-04-15 14:42:32+02:00,,2026-04-15 14:39:32+02:00,,,,,2026-04-15 14:34:02+02:00,2026-04-15 14:31:14+02:00,2026-04-15 14:29:26+02:00,2026-04-15 14:27:51+02:00,2026-04-15 14:25:29+02:00,2026-04-15 14:23:07+02:00,2026-04-15 14:20:00+02:00,2026-04-15 14:14:20+02:00,2026-04-15 14:11:30+02:00,2026-04-15 14:08:00+02:00,2026-04-15 14:05:10+02:00,2026-04-15 14:03:00+02:00,2026-04-15 14:00:50+02:00,2026-04-15 13:57:10+02:00,2026-04-15 13:54:20+02:00,2026-04-15 13:52:20+02:00,2026-04-15 13:47:10+02:00,2026-04-15 13:44:20+02:00,,,,,Aéroport Charles de Gaulle 2 (Terminal 2),31,2026-04-15 12:50:01.319901+02:00
KALI18,KALI,Massy-Palaiseau,,,,,,,,,,,,,,,2026-04-15 13:13:50+02:00,2026-04-15 13:12:06+02:00,2026-04-15 13:10:42+02:00,2026-04-15 13:08:37+02:00,2026-04-15 13:06:57+02:00,2026-04-15 13:05:18+02:00,2026-04-15 13:03:21+02:00,2026-04-15 13:00:58+02:00,2026-04-15 12:59:20+02:00,2026-04-15 12:57:22+02:00,2026-04-15 12:55:36+02:00,2026-04-15 12:53:39+02:00,2026-04-15 12:50:51+02:00,,,,,,,,,,,,,,,,,,,,,Denfert-Rochereau,13,2026-04-15 12:50:01.319901+02:00
PIST40,PIST,Saint-Rémy-lès-Chevreuse,,,,,2026-04-15 14:25:56+02:00,2026-04-15 14:22:43+02:00,2026-04-15 14:20:50+02:00,2026-04-15 14:18:58+02:00,2026-04-15 14:16:41+02:00,2026-04-15 14:14:23+02:00,2026-04-15 14:12:02+02:00,2026-04-15 14:09:09+02:00,2026-04-15 14:07:04+02:00,2026-04-15 14:04:12+02:00,,,,2026-04-15 13:59:12+02:00,2026-04-15 13:57:32+02:00,,2026-04-15 13:54:32+02:00,,,,,2026-04-15 13:49:02+02:00,2026-04-15 13:46:14+02:00,2026-04-15 13:44:26+02:00,2026-04-15 13:42:51+02:00,2026-04-15 13:40:29+02:00,2026-04-15 13:38:07+02:00,2026-04-15 13:35:00+02:00,2026-04-15 13:29:20+02:00,2026-04-15 13:26:30+02:00,2026-04-15 13:23:00+02:00,2026-04-15 13:20:10+02:00,2026-04-15 13:18:00+02:00,2026-04-15 13:15:50+02:00,2026-04-15 13:12:10+02:00,2026-04-15 13:09:20+02:00,2026-04-15 13:07:20+02:00,2026-04-15 13:02:10+02:00,2026-04-15 12:59:20+02:00,,,,,Aéroport Charles de Gaulle 2 (Terminal 2),31,2026-04-15 12:50:01.319901+02:00
ERIO19,ERIO,Aéroport Charles de Gaulle 2 (Terminal 2),,,,,,,,,,,,,,,,,,,,,,,,,,,,,,2026-04-15 12:50:39+02:00,2026-04-15 12:52:49+02:00,2026-04-15 12:57:00+02:00,,,,,,2026-04-15 13:12:10+02:00,,,,2026-04-15 13:24:30+02:00,,,,,,Saint-Michel Notre-Dame,5,2026-04-15 12:50:01.319901+02:00
SOSO44,SOSO,Robinson,,2026-04-15 14:11:26+02:00,2026-04-15 14:09:46+02:00,,,,,,,,,,,,,,,,,,2026-04-15 14:07:44+02:00,2026-04-15 14:05:11+02:00,2026-04-15 14:03:33+02:00,2026-04-15 14:01:35+02:00,2026-04-15 13:59:49+02:00,2026-04-15 13:58:02+02:00,2026-04-15 13:55:14+02:00,2026-04-15 13:53:26+02:00,2026-04-15 13:51:51+02:00,2026-04-15 13:49:29+02:00,2026-04-15 13:47:07+02:00,2026-04-15 13:44:00+02:00,2026-04-15 13:38:20+02:00,2026-04-15 13:35:30+02:00,2026-04-15 13:32:00+02:00,2026-04-15 13:29:10+02:00,2026-04-15 13:27:00+02:00,2026-04-15 13:24:50+02:00,,,,,,2026-04-15 13:21:10+02:00,2026-04-15 13:18:00+02:00,2026-04-15 13:14:50+02:00,2026-04-15 13:11:00+02:00,Mitry - Claye,24,2026-04-15 12:50:01.319901+02:00
EPAU21,EPAU,Aéroport Charles de Gaulle 2 (Terminal 2),,,,,,,,,,,,,,,,,,,,,,,,,,,,2026-04-15 12:49:58+02:00,2026-04-15 12:51:32+02:00,2026-04-15 12:53:38+02:00,2026-04-15 12:55:48+02:00,2026-04-15 13:00:00+02:00,2026-04-15 13:05:10+02:00,2026-04-15 13:07:40+02:00,2026-04-15 13:10:50+02:00,2026-04-15 13:13:30+02:00,2026-04-15 13:15:40+02:00,2026-04-15 13:18:10+02:00,2026-04-15 13:21:20+02:00,2026-04-15 13:23:50+02:00,2026-04-15 13:26:10+02:00,2026-04-15 13:31:50+02:00,,,,,,Port Royal,15,2026-04-15 12:50:01.319901+02:00
ERIO55,ERIO,Aéroport Charles de Gaulle 2 (Terminal 2),,,,,,,,,,,,,,2026-04-15 13:49:35+02:00,2026-04-15 13:51:40+02:00,2026-04-15 13:53:28+02:00,2026-04-15 13:54:53+02:00,2026-04-15 13:56:49+02:00,2026-04-15 13:58:40+02:00,2026-04-15 14:00:28+02:00,2026-04-15 14:02:17+02:00,2026-04-15 14:05:06+02:00,2026-04-15 14:06:46+02:00,2026-04-15 14:08:49+02:00,2026-04-15 14:10:36+02:00,2026-04-15 14:12:12+02:00,2026-04-15 14:14:42+02:00,2026-04-15 14:16:59+02:00,2026-04-15 14:18:33+02:00,2026-04-15 14:20:39+02:00,2026-04-15 14:22:49+02:00,2026-04-15 14:27:00+02:00,,,,,,2026-04-15 14:42:10+02:00,,,,2026-04-15 14:54:30+02:00,,,,,,Massy - Palaiseau,21,2026-04-15 12:50:01.319901+02:00
KALI24,KALI,Massy-Palaiseau,,,,,,,,,,,,,,,2026-04-15 13:27:43+02:00,2026-04-15 13:25:59+02:00,2026-04-15 13:24:35+02:00,2026-04-15 13:22:30+02:00,2026-04-15 13:20:50+02:00,2026-04-15 13:19:11+02:00,2026-04-15 13:17:14+02:00,2026-04-15 13:14:51+02:00,2026-04-15 13:13:13+02:00,2026-04-15 13:11:15+02:00,2026-04-15 13:09:29+02:00,2026-04-15 13:07:32+02:00,2026-04-15 13:04:44+02:00,2026-04-15 13:02:56+02:00,2026-04-15 13:01:21+02:00,2026-04-15 12:58:59+02:00,2026-04-15 12:56:37+02:00,2026-04-15 12:53:00+02:00,,,,,,,,,,,,,,,,Gare du Nord,18,2026-04-15 12:50:01.319901+02:00
EPAU33,EPAU,Aéroport Charles de Gaulle 2 (Terminal 2),,,,,,,,,,2026-04-15 12:51:26+02:00,2026-04-15 12:53:23+02:00,2026-04-15 12:55:47+02:00,2026-04-15 12:57:33+02:00,2026-04-15 12:59:45+02:00,,,,2026-04-15 13:05:00+02:00,2026-04-15 13:06:51+02:00,,2026-04-15 13:09:27+02:00,,,,,2026-04-15 13:15:13+02:00,2026-04-15 13:17:43+02:00,2026-04-15 13:20:00+02:00,2026-04-15 13:21:34+02:00,2026-04-15 13:23:40+02:00,2026-04-15 13:25:50+02:00,2026-04-15 13:30:01+02:00,2026-04-15 13:35:11+02:00,2026-04-15 13:37:41+02:00,2026-04-15 13:40:51+02:00,2026-04-15 13:43:31+02:00,2026-04-15 13:45:41+02:00,2026-04-15 13:48:11+02:00,2026-04-15 13:51:21+02:00,2026-04-15 13:53:51+02:00,2026-04-15 13:56:11+02:00,2026-04-15 14:01:51+02:00,,,,,,Le Guichet,25,2026-04-15 12:50:01.319901+02:00
ILUS05,ILUS,Mitry - Claye,,,,,,,,,,,,,,,,,,,,,,,,,,,,,,,,,,,,,,,,,,,,,,,,,0,2026-04-15 12:50:01.319901+02:00
EPAU51,EPAU,Aéroport Charles de Gaulle 2 (Terminal 2),,,,2026-04-15 13:21:55+02:00,2026-04-15 13:24:56+02:00,2026-04-15 13:28:03+02:00,2026-04-15 13:29:59+02:00,2026-04-15 13:31:41+02:00,2026-04-15 13:34:01+02:00,2026-04-15 13:36:25+02:00,2026-04-15 13:38:22+02:00,2026-04-15 13:40:46+02:00,2026-04-15 13:42:32+02:00,2026-04-15 13:44:44+02:00,,,,2026-04-15 13:49:59+02:00,2026-04-15 13:51:50+02:00,,2026-04-15 13:54:26+02:00,,,,,2026-04-15 14:00:12+02:00,2026-04-15 14:02:42+02:00,2026-04-15 14:04:59+02:00,2026-04-15 14:06:33+02:00,2026-04-15 14:08:39+02:00,2026-04-15 14:10:49+02:00,2026-04-15 14:15:00+02:00,2026-04-15 14:20:10+02:00,2026-04-15 14:22:40+02:00,2026-04-15 14:25:50+02:00,2026-04-15 14:28:30+02:00,2026-04-15 14:30:40+02:00,2026-04-15 14:33:10+02:00,2026-04-15 14:36:20+02:00,2026-04-15 14:38:50+02:00,2026-04-15 14:41:10+02:00,2026-04-15 14:46:50+02:00,,,,,,Saint-Rémy-lès-Chevreuse,31,2026-04-15 12:50:01.319901+02:00
KALI30,KALI,Massy-Palaiseau,,,,,,,,,,,,,,,2026-04-15 13:42:19+02:00,2026-04-15 13:40:35+02:00,2026-04-15 13:39:11+02:00,2026-04-15 13:37:00+02:00,2026-04-15 13:35:20+02:00,2026-04-15 13:33:47+02:00,2026-04-15 13:31:44+02:00,2026-04-15 13:29:21+02:00,2026-04-15 13:27:43+02:00,2026-04-15 13:25:45+02:00,2026-04-15 13:23:59+02:00,2026-04-15 13:22:02+02:00,2026-04-15 13:19:14+02:00,2026-04-15 13:17:26+02:00,2026-04-15 13:15:51+02:00,2026-04-15 13:13:29+02:00,2026-04-15 13:11:07+02:00,2026-04-15 13:08:00+02:00,,,,,,2026-04-15 12:51:20+02:00,,,,,,,,,,Aulnay-sous-Bois,19,2026-04-15 12:50:01.319901+02:00
SOSO32,SOSO,Robinson,,2026-04-15 13:42:06+02:00,2026-04-15 13:40:26+02:00,,,,,,,,,,,,,,,,,,2026-04-15 13:38:24+02:00,2026-04-15 13:35:51+02:00,2026-04-15 13:34:13+02:00,2026-04-15 13:32:15+02:00,2026-04-15 13:30:29+02:00,2026-04-15 13:28:42+02:00,2026-04-15 13:25:54+02:00,2026-04-15 13:24:06+02:00,2026-04-15 13:22:31+02:00,2026-04-15 13:20:09+02:00,2026-04-15 13:17:16+02:00,2026-04-15 13:14:09+02:00,2026-04-15 13:08:29+02:00,2026-04-15 13:05:39+02:00,2026-04-15 13:02:09+02:00,2026-04-15 12:59:19+02:00,2026-04-15 12:57:09+02:00,2026-04-15 12:54:59+02:00,,,,,,2026-04-15 12:51:19+02:00,,,,Sevran - Livry,21,2026-04-15 12:50:01.319901+02:00
EPAU27,EPAU,Aéroport Charles de Gaulle 2 (Terminal 2),,,,,,,,,,,,,,,,,,2026-04-15 12:51:01+02:00,2026-04-15 12:52:52+02:00,,2026-04-15 12:55:28+02:00,,,,,2026-04-15 13:01:14+02:00,2026-04-15 13:03:44+02:00,2026-04-15 13:06:01+02:00,2026-04-15 13:07:35+02:00,2026-04-15 13:09:41+02:00,2026-04-15 13:11:51+02:00,2026-04-15 13:16:02+02:00,2026-04-15 13:21:12+02:00,2026-04-15 13:23:42+02:00,2026-04-15 13:26:52+02:00,2026-04-15 13:29:32+02:00,2026-04-15 13:31:42+02:00,2026-04-15 13:34:12+02:00,2026-04-15 13:37:22+02:00,2026-04-15 13:39:52+02:00,2026-04-15 13:42:12+02:00,2026-04-15 13:47:52+02:00,,,,,,Antony,20,2026-04-15 12:50:01.319901+02:00
PIST10,PIST,Saint-Rémy-lès-Chevreuse,,,,,2026-04-15 13:14:46+02:00,2026-04-15 13:11:33+02:00,2026-04-15 13:09:40+02:00,2026-04-15 13:07:48+02:00,2026-04-15 13:05:31+02:00,2026-04-15 13:03:13+02:00,2026-04-15 13:00:52+02:00,2026-04-15 12:57:59+02:00,2026-04-15 12:55:54+02:00,2026-04-15 12:53:02+02:00,,,,,,,,,,,,,,,,,,,,,,,,,,,,,,,,,,Massy - Palaiseau,10,2026-04-15 12:50:01.319901+02:00
KALI36,KALI,Massy-Palaiseau,,,,,,,,,,,,,,,2026-04-15 13:57:13+02:00,2026-04-15 13:55:29+02:00,2026-04-15 13:54:05+02:00,2026-04-15 13:52:00+02:00,2026-04-15 13:50:20+02:00,2026-04-15 13:48:41+02:00,2026-04-15 13:46:44+02:00,2026-04-15 13:44:21+02:00,2026-04-15 13:42:43+02:00,2026-04-15 13:40:45+02:00,2026-04-15 13:38:59+02:00,2026-04-15 13:37:02+02:00,2026-04-15 13:34:14+02:00,2026-04-15 13:32:26+02:00,2026-04-15 13:30:51+02:00,2026-04-15 13:28:29+02:00,2026-04-15 13:26:07+02:00,2026-04-15 13:23:00+02:00,,,,,,2026-04-15 13:06:20+02:00,,,,2026-04-15 12:54:20+02:00,2026-04-15 12:51:30+02:00,,,,,Aéroport Charles de Gaulle 2 (Terminal 2),21,2026-04-15 12:50:01.319901+02:00
SOSO50,SOSO,Robinson,,2026-04-15 14:26:26+02:00,2026-04-15 14:24:46+02:00,,,,,,,,,,,,,,,,,,2026-04-15 14:22:44+02:00,2026-04-15 14:20:11+02:00,2026-04-15 14:18:33+02:00,2026-04-15 14:16:35+02:00,2026-04-15 14:14:49+02:00,2026-04-15 14:13:02+02:00,2026-04-15 14:10:14+02:00,2026-04-15 14:08:26+02:00,2026-04-15 14:06:51+02:00,2026-04-15 14:04:29+02:00,2026-04-15 14:02:07+02:00,2026-04-15 13:59:00+02:00,2026-04-15 13:53:20+02:00,2026-04-15 13:50:30+02:00,2026-04-15 13:47:00+02:00,2026-04-15 13:44:10+02:00,2026-04-15 13:42:00+02:00,2026-04-15 13:39:50+02:00,,,,,,2026-04-15 13:36:10+02:00,2026-04-15 13:33:00+02:00,2026-04-15 13:29:50+02:00,2026-04-15 13:26:00+02:00,Mitry - Claye,24,2026-04-15 12:50:01.319901+02:00
